artwork_dir,artwork_file,artwork_title,artwork_year,artist_name,artist_lifespan,artwork_medium,artwork_description
Alfred_Sisley,Alfred Sisley_1879_A Courtyard in Chaville.jpg,A Courtyard in Chaville,1879,Alfred Sisley,1839-1899,Oil on canvas,"In *1879*, Alfred Sisley (1839-1899) realized *A Courtyard in Chaville* in *Oil on canvas*. Attention to balance and interval—between figures and ground, or between mass and void—creates the work’s quiet authority. The composition’s internal logic invites viewers to read the image as an arrangement of relations, not simply a scene. *A Courtyard in Chaville* stands as a focused statement of the artist’s formal intelligence."
Alfred_Sisley,Alfred Sisley_1874_Snow Effect in Louveciennes.jpg,Snow Effect in Louveciennes,1874,Alfred Sisley,1839-1899,Oil on canvas,"In *1874*, Alfred Sisley (1839-1899) realized *Snow Effect in Louveciennes* in *Oil on canvas*. Attention to balance and interval—between figures and ground, or between mass and void—creates the work’s quiet authority. The composition’s internal logic invites viewers to read the image as an arrangement of relations, not simply a scene. *Snow Effect in Louveciennes* stands as a focused statement of the artist’s formal intelligence."
Alfred_Sisley,Alfred Sisley_c.1890_Street in Moret.jpg,Street in Moret,c.1890,Alfred Sisley,1839-1899,Oil on canvas,"With *Street in Moret*, dated *c.1890*, Alfred Sisley (1839-1899) demonstrates how restraint can intensify effect. Executed in *Oil on canvas*, the work relies on measured transitions and calibrated emphasis rather than overt narration. Its coherence emerges from the artist’s control of proportion, spacing, and the movement of the eye across the picture plane."
Alfred_Sisley,Alfred Sisley_1893_The Bridge at Moret.jpg,The Bridge at Moret,1893,Alfred Sisley,1839-1899,Oil on canvas,"*The Bridge at Moret* (*1893*) exemplifies Alfred Sisley (1839-1899) at a moment when pictorial decisions—scale, placement, and contour—shape meaning as much as subject matter. Working in *Oil on canvas*, the artist orchestrates contrasts and transitions to hold the eye in slow movement across the surface. The result is an image that rewards close looking, where small shifts of texture and edge carry expressive weight."
Alfred_Sisley,"Alfred Sisley_1876_Place du Chenil in Marly, Snow Effect.jpg","Place du Chenil in Marly, Snow Effect",1876,Alfred Sisley,1839-1899,Oil on canvas,"In *1876*, Alfred Sisley (1839-1899) realized *Place du Chenil in Marly, Snow Effect* in *Oil on canvas*. Attention to balance and interval—between figures and ground, or between mass and void—creates the work’s quiet authority. The composition’s internal logic invites viewers to read the image as an arrangement of relations, not simply a scene. *Place du Chenil in Marly, Snow Effect* stands as a focused statement of the artist’s formal intelligence."
Alfred_Sisley,Alfred Sisley_1885_The Village of Sablons.jpg,The Village of Sablons,1885,Alfred Sisley,1839-1899,Oil on canvas,"Painted in *1885*, Alfred Sisley (1839-1899) crafted *The Village of Sablons* in *Oil on canvas* with an emphasis on visual clarity and structure. Subtle modulations and strategic simplifications organize the image, allowing key motifs to register with immediacy. The work’s lasting appeal lies in its ability to translate observation into a composed, enduring form."
Alfred_Sisley,Alfred Sisley_1872_The Island of Saint-Denis.jpg,The Island of Saint-Denis,1872,Alfred Sisley,1839-1899,Oil on canvas,"With *The Island of Saint-Denis*, dated *1872*, Alfred Sisley (1839-1899) demonstrates how restraint can intensify effect. Executed in *Oil on canvas*, the work relies on measured transitions and calibrated emphasis rather than overt narration. Its coherence emerges from the artist’s control of proportion, spacing, and the movement of the eye across the picture plane."
Alfred_Sisley,Alfred Sisley_1897_Langland Bay.jpg,Langland Bay,1897,Alfred Sisley,1839-1899,Oil on canvas,"Painted in *1897*, Alfred Sisley (1839-1899) crafted *Langland Bay* in *Oil on canvas* with an emphasis on visual clarity and structure. Subtle modulations and strategic simplifications organize the image, allowing key motifs to register with immediacy. The work’s lasting appeal lies in its ability to translate observation into a composed, enduring form."
Alfred_Sisley,Alfred Sisley_1875_The Road to Louveciennes Montbuisson.jpg,The Road to Louveciennes Montbuisson,1875,Alfred Sisley,1839-1899,Oil on canvas,"Created in *1875*, Alfred Sisley (1839-1899) produced *The Road to Louveciennes Montbuisson* in *Oil on canvas*. The work privileges composition and surface effects, guiding the viewer through deliberate rhythms of form and tone. Rather than offering a purely descriptive account, it emphasizes choices of structure, emphasis, and visual pacing. Seen today, *The Road to Louveciennes Montbuisson* distills the artist’s sensibility into a concentrated image."
Alfred_Sisley,Alfred Sisley_1866_Tree-lined avenue in a small town.jpg,Tree-lined avenue in a small town,1866,Alfred Sisley,1839-1899,Oil on canvas,"*Tree-lined avenue in a small town* (*1866*) exemplifies Alfred Sisley (1839-1899) at a moment when pictorial decisions—scale, placement, and contour—shape meaning as much as subject matter. Working in *Oil on canvas*, the artist orchestrates contrasts and transitions to hold the eye in slow movement across the surface. The result is an image that rewards close looking, where small shifts of texture and edge carry expressive weight."
Alfred_Sisley,"Alfred Sisley_1887_The Bridge at Moret, Storm Effect.jpg","The Bridge at Moret, Storm Effect",1887,Alfred Sisley,1839-1899,Oil on canvas,"With *The Bridge at Moret, Storm Effect*, dated *1887*, Alfred Sisley (1839-1899) demonstrates how restraint can intensify effect. Executed in *Oil on canvas*, the work relies on measured transitions and calibrated emphasis rather than overt narration. Its coherence emerges from the artist’s control of proportion, spacing, and the movement of the eye across the picture plane."
Alfred_Sisley,"Alfred Sisley_1874_Fog, Voisins.jpg","Fog, Voisins",1874,Alfred Sisley,1839-1899,Oil on canvas,"Painted in *1874*, Alfred Sisley (1839-1899) crafted *Fog, Voisins* in *Oil on canvas* with an emphasis on visual clarity and structure. Subtle modulations and strategic simplifications organize the image, allowing key motifs to register with immediacy. The work’s lasting appeal lies in its ability to translate observation into a composed, enduring form."
Alfred_Sisley,Alfred Sisley_1876_Boat in the Flood at Port Marly.jpg,Boat in the Flood at Port Marly,1876,Alfred Sisley,1839-1899,Oil on canvas,"In *1876*, Alfred Sisley (1839-1899) realized *Boat in the Flood at Port Marly* in *Oil on canvas*. Attention to balance and interval—between figures and ground, or between mass and void—creates the work’s quiet authority. The composition’s internal logic invites viewers to read the image as an arrangement of relations, not simply a scene. *Boat in the Flood at Port Marly* stands as a focused statement of the artist’s formal intelligence."
Alfred_Sisley,Alfred Sisley_1883_Banks of the Loing towards Moret.jpg,Banks of the Loing towards Moret,1883,Alfred Sisley,1839-1899,Oil on canvas,"Painted in *1883*, Alfred Sisley (1839-1899) crafted *Banks of the Loing towards Moret* in *Oil on canvas* with an emphasis on visual clarity and structure. Subtle modulations and strategic simplifications organize the image, allowing key motifs to register with immediacy. The work’s lasting appeal lies in its ability to translate observation into a composed, enduring form."
Alfred_Sisley,Alfred Sisley_1878_Allée of Chestnut Trees.jpg,Allée of Chestnut Trees,1878,Alfred Sisley,1839-1899,Oil on canvas,"In *1878*, Alfred Sisley (1839-1899) realized *Allée of Chestnut Trees* in *Oil on canvas*. Attention to balance and interval—between figures and ground, or between mass and void—creates the work’s quiet authority. The composition’s internal logic invites viewers to read the image as an arrangement of relations, not simply a scene. *Allée of Chestnut Trees* stands as a focused statement of the artist’s formal intelligence."
Alfred_Sisley,Alfred Sisley_1866_Women Going to the Woods.jpg,Women Going to the Woods,1866,Alfred Sisley,1839-1899,Oil on canvas,"Created in *1866*, Alfred Sisley (1839-1899) produced *Women Going to the Woods* in *Oil on canvas*. The work privileges composition and surface effects, guiding the viewer through deliberate rhythms of form and tone. Rather than offering a purely descriptive account, it emphasizes choices of structure, emphasis, and visual pacing. Seen today, *Women Going to the Woods* distills the artist’s sensibility into a concentrated image."
Alfred_Sisley,"Alfred Sisley_1884_Morning Sun, Saint-Mammès.jpg","Morning Sun, Saint-Mammès",1884,Alfred Sisley,1839-1899,Oil on canvas,"With *Morning Sun, Saint-Mammès*, dated *1884*, Alfred Sisley (1839-1899) demonstrates how restraint can intensify effect. Executed in *Oil on canvas*, the work relies on measured transitions and calibrated emphasis rather than overt narration. Its coherence emerges from the artist’s control of proportion, spacing, and the movement of the eye across the picture plane."
Alfred_Sisley,Alfred Sisley_1892_The Canal du Loing.jpg,The Canal du Loing,1892,Alfred Sisley,1839-1899,Oil on canvas,"In *1892*, Alfred Sisley (1839-1899) realized *The Canal du Loing* in *Oil on canvas*. Attention to balance and interval—between figures and ground, or between mass and void—creates the work’s quiet authority. The composition’s internal logic invites viewers to read the image as an arrangement of relations, not simply a scene. *The Canal du Loing* stands as a focused statement of the artist’s formal intelligence."
Alfred_Sisley,Alfred Sisley_1893–1894_The Church at Moret in Morning Sun.jpg,The Church at Moret in Morning Sun,1893–1894,Alfred Sisley,1839-1899,Oil on canvas,"With *The Church at Moret in Morning Sun*, dated *1893–1894*, Alfred Sisley (1839-1899) demonstrates how restraint can intensify effect. Executed in *Oil on canvas*, the work relies on measured transitions and calibrated emphasis rather than overt narration. Its coherence emerges from the artist’s control of proportion, spacing, and the movement of the eye across the picture plane."
Alfred_Sisley,"Alfred Sisley_c.1881_The Small Meadows in Spring, By.jpg","The Small Meadows in Spring, By",c.1881,Alfred Sisley,1839-1899,Oil on canvas,"*The Small Meadows in Spring, By* (*c.1881*) exemplifies Alfred Sisley (1839-1899) at a moment when pictorial decisions—scale, placement, and contour—shape meaning as much as subject matter. Working in *Oil on canvas*, the artist orchestrates contrasts and transitions to hold the eye in slow movement across the surface. The result is an image that rewards close looking, where small shifts of texture and edge carry expressive weight."
Alfred_Sisley,Alfred Sisley_1876_The Seine at Bougival.jpg,The Seine at Bougival,1876,Alfred Sisley,1839-1899,Oil on canvas,"Created in *1876*, Alfred Sisley (1839-1899) produced *The Seine at Bougival* in *Oil on canvas*. The work privileges composition and surface effects, guiding the viewer through deliberate rhythms of form and tone. Rather than offering a purely descriptive account, it emphasizes choices of structure, emphasis, and visual pacing. Seen today, *The Seine at Bougival* distills the artist’s sensibility into a concentrated image."
Alfred_Sisley,Alfred Sisley_1875_Meadow.jpg,Meadow,1875,Alfred Sisley,1839-1899,Oil on canvas,"*Meadow* (*1875*) exemplifies Alfred Sisley (1839-1899) at a moment when pictorial decisions—scale, placement, and contour—shape meaning as much as subject matter. Working in *Oil on canvas*, the artist orchestrates contrasts and transitions to hold the eye in slow movement across the surface. The result is an image that rewards close looking, where small shifts of texture and edge carry expressive weight."
Alfred_Sisley,Alfred Sisley_1874_Regatta at Molesey near Hampton Court.jpg,Regatta at Molesey near Hampton Court,1874,Alfred Sisley,1839-1899,Oil on canvas,"Painted in *1874*, Alfred Sisley (1839-1899) crafted *Regatta at Molesey near Hampton Court* in *Oil on canvas* with an emphasis on visual clarity and structure. Subtle modulations and strategic simplifications organize the image, allowing key motifs to register with immediacy. The work’s lasting appeal lies in its ability to translate observation into a composed, enduring form."
Alfred_Sisley,Alfred Sisley_1872_The Bridge at Villeneuve-la-Garenne.jpg,The Bridge at Villeneuve-la-Garenne,1872,Alfred Sisley,1839-1899,Oil on canvas,"*The Bridge at Villeneuve-la-Garenne* (*1872*) exemplifies Alfred Sisley (1839-1899) at a moment when pictorial decisions—scale, placement, and contour—shape meaning as much as subject matter. Working in *Oil on canvas*, the artist orchestrates contrasts and transitions to hold the eye in slow movement across the surface. The result is an image that rewards close looking, where small shifts of texture and edge carry expressive weight."
